日付,時刻,区,出没場所,緯度,経度,状況,ソース
2025/4/3,9:30,南区,南区小金湯566番地1付近(国道230号線上),42.958919,141.227386,ヒグマを目撃,公式
2025/4/3,14:36,南区,南区定山渓10番8付近(豊平峡発電所付近の国号230号線わき),42.968087,141.19685,ヒグマを目撃,公式
2025/4/5,12:40,南区,南区定山渓温泉西3丁目99番1号付近(定山渓病院西側の山林内),42.969,141.163,ヒグマを目撃,公式
2025/4/7,5:53,西区,西区小別沢26番地4付近(小別沢トンネルの西側に約100mの道路上),43.046699,141.280911,ヒグマを目撃,公式
2025/4/7,22:30,中央区,中央区円山西町10丁目1番付近,43.046692,141.308475,ヒグマらしき動物を目撃,公式
2025/4/9,7:45,中央区,中央区盤渓290番地27付近(盤渓橋から東に約100mの道路脇),43.039523,141.255982,ヒグマを目撃,公式
2025/4/9,14:05,南区,南区真駒内380番地29付近,42.930191,141.344963,ヒグマを目撃,公式
2025/4/9,16:46,南区,南区滝野22番地付近,42.913215,141.354804,ヒグマを目撃,公式
2025/4/12,不明,西区,西区自然歩道｢平和の滝~手稲山ルｰト｣(布敷の滝から平和の滝入口方面に向かって約100m付近),43.06342,141.1921,足跡を確認,公式
2025/4/15,17:40,南区,南区藤野622番地1付近,42.942706,141.307621,ヒグマを目撃,公式
2025/4/22,5:05,南区,南区豊滝438番地1付近(じょうてつバス｢豊滝｣バス停付近),42.954639,141.236832,ヒグマを目撃,公式
2025/4/22,7:00,西区,西区福井501番地2付近(平福トンネルから福井方向へ約320mの地点),43.046381,141.254223,ヒグマを目撃,公式
2025/4/22,9:09,中央区,中央区宮の森1277番地1付近(宮の森ジャンプ競技場から南西に約280mの山林内),43.037519,141.29272,ヒグマを目撃,公式
2025/4/22,11:00,西区,西区西野市民の森(散策路から西に約300mの地点),43.068556,141.252389,足跡・フンを確認,公式
2025/4/23,6:10,南区,南区定山渓無番地(国道230号線上中山峠から札幌方面へ約1kmの地点),42.864278,141.107306,ヒグマを目撃,公式
2025/4/26,12:00,西区,西区自然歩道｢平和の滝~手稲山ルｰト｣(平和の滝入口から約1 q地点(砂防ダム付近)),43.056472,141.210861,ヒグマらしき動物を目撃,公式
2025/5/3,20:36,南区,南区滝野5-6付近(鱒見橋から北に約500mの道路上),42.927014,141.393498,ヒグマを目撃,公式
2025/5/7,10:30,南区,南区白川市民の森(案内板8番から9番に向かって約50mの地点),42.984275,141.285724,フンを確認,公式
2025/5/9,10:55,南区,南区常盤472番地付近,42.910087,141.306811,ヒグマを目撃,公式
2025/5/9,7:50,南区,南区定山渓無番地(定山渓トンネルから中山峠方向へ4km付近),42.872196,141.123982,ヒグマを目撃,公式
2025/5/10,10:30,南区,南区白川市民の森(案内板8番付近),42.984977,141.285936,足跡を確認,公式
2025/5/11,6:58,南区,南区南沢515番9付近(東海大学付属札幌高等学校テニスコｰト付近),42.990056,141.325131,ヒグマらしき動物を目撃,公式
2025/5/11,18:10,南区,南区藤野756番地付近,42.934639,141.313361,ヒグマを駆除,公式
2025/5/15,不明,南区,南区小金湯無番地(百松沢林道入口から約1.3km付近),42.97543,141.211913,足跡を確認,公式
2025/5/18,不明,南区,南区白川市民の森(案内板8番付近),42.984472,141.285972,足跡を確認,公式
2025/5/19,5:15,南区,南区定山渓温泉西4丁目341番地付近(定山渓二見公園トイレ付近),42.964785,141.160313,ヒグマらしき動物を目撃,公式
2025/5/20,4:21,中央区,中央区盤渓328番1付近(道道82号線上盤渓橋から約750m南東側の地点),43.036444,141.262282,ヒグマを目撃,公式
2025/5/21,22:34,南区,南区小金湯658番地3付近(一の沢橋から東に約100mの国道230号線上),42.969603,141.209073,ヒグマを目撃,公式
2025/5/22,19:33,中央区,中央区盤渓435番地195付近,43.026474,141.289113,ヒグマを目撃,公式
2025/5/22,20:20,中央区,中央区盤渓240番地付近(宮の森から盤渓へ向かう道路上),43.034472,141.281361,ヒグマを目撃,公式
2025/5/23,17:34,中央区,中央区盤渓206番地付近(札幌市水道局盤渓配水池の道路向かいにある敷地内),43.0355,141.285278,ヒグマを目撃,公式
2025/5/24,19:00,南区,南区定山渓1067番地付近(国道230号線じょうてつバス｢つつじ谷｣バス停(定山渓方面)付近),42.968758,141.193092,ヒグマを目撃,公式
2025/5/26,10:30,南区,南区豊滝市民の森(案内板13番から12番に向かって約20mの地点),42.9365,141.235,足跡を確認,公式
2025/5/26,15:00,南区,南区白川市民の森(案内板20番付近),42.986722,141.283806,フンを確認,公式
2025/5/28,14:10,南区,南区定山渓無番地(定山渓ダム下流園地第1駐車場付近),42.982695,141.156779,ヒグマを目撃,公式
2025/5/29,6:50,南区,南区定山渓6番地3付近(国道230号線の北海道電力豊平峡発電所付近),42.968153,141.196672,ヒグマを目撃,公式
2025/6/2,13:00,南区,南区白川市民の森(案内板1番から6番に向かって30mの地点),42.979405,141.290466,フンを確認,公式
2025/6/2,4:25,南区,南区簾舞27番地7付近,42.945241,141.260929,ヒグマを目撃（親子）,公式
2025/6/2,11:00,南区,南区簾舞485番地3付近,42.95378,141.25275,フンを確認,公式
2025/6/2,15:00,南区,南区豊滝市民の森(案内板5番付近),42.934111,141.235083,フンを確認,公式
2025/6/2,15:00,南区,南区豊滝市民の森(案内板13番付近),42.93633,141.235079,フンを確認,公式
2025/6/2,21:50,南区,南区定山渓1066番地付近(国道230号線上じょうてつバス｢つつじ谷｣バス停(定山渓方面)付近),42.969212,141.192088,ヒグマを目撃,公式
2025/6/2,4:43,豊平区,豊平区羊ケ丘7番地1付近(焼山頂上から東方向へ約200mの林道付近),42.978483,141.394953,カメラでヒグマを確認,公式
2025/6/3,20:21,南区,南区小金湯無番地(国道230号線一の沢橋付近),42.969167,141.206806,ヒグマを目撃,公式
2025/6/3,22:00,南区,南区真駒内柏丘7丁目4番付近 (藻南公園柏ヶ丘広場わきの茂み),42.985361,141.344556,ヒグマらしき動物を目撃,公式
2025/6/5,15:24,南区,南区定山渓9番地4付近(国道230号線上の北海道電力豊平峡発電所付近),42.968339,141.194685,ヒグマを目撃,公式
2025/6/9,11:00,南区,南区白川市民の森(案内板23番付近),42.9864167,141.275,フンを確認,公式
2025/6/10,23:42,中央区,中央区盤渓271番地1付近,43.043058,141.262546,カメラでヒグマを確認,公式
2025/6/11,21:36,豊平区,豊平区羊ケ丘7番地1付近(焼山頂上から北方向へ約1.5kmの林道わき),42.990814,141.3875,カメラでヒグマを確認(親子),公式
2025/6/14,4:27,南区,南区豊滝412番地12付近(国道230号線わき),42.955741,141.242179,ヒグマを目撃,公式
2025/6/14,14:09,南区,南区定山渓無番地(道道95号線上おしどり水処理場から北西に約550m),42.988548,141.115877,ヒグマを目撃,公式
2025/6/14,17:36,西区,西区自然歩道｢三角山~盤渓ルｰト｣案内板4番付近,43.060437,141.287245,ヒグマを目撃,公式
2025/6/16,11:30,南区,南区白川市民の森(案内板20番から17番に向かって約20mの地点),42.986889,141.283722,ヒグマのフンを確認,公式
2025/6/16,13:00,南区,南区豊滝市民の森(案内板6番の地点),42.936125,141.233759,ヒグマのフンを確認,公式
2025/6/16,11:56,西区,西区西野市民の森(西野浄水場入口から宮丘公園に向かって約700mの地点),43.075621,141.252362,カメラでヒグマを確認,公式
2025/6/17,9:00,南区,南区南沢市民の森(案内板6番から3番に向かって約50mの地点),42.976167,141.304917,ヒグマのフンを確認,公式
2025/6/18,21:28,南区,南区簾舞380番地1付近(みすまい2区グラウンド南側),42.9541667,141.265,カメラでヒグマを確認(親子),公式
2025/6/19,13:28,南区,南区砥山28番地1付近(砥山橋から北西に約70mの地点),42.966064,141.257868,ヒグマを目撃,公式
2025/6/19,21:30,豊平区,豊平区羊ケ丘1番地2付近(北海道農業研究センタｰ講内｢宿舎前｣バス停付近),43.005973,141.416531,ヒグマを目撃,公式
2025/6/20,20:07,西区,西区西野9条9丁目7番地付近(西野川さらりんひろば付近の道路上),43.067551,141.258971,ヒグマを目撃,公式
2025/6/23,9:00,南区,南区白川市民の森(案内板29番から3番に向かって約10mの地点)※案内板3番と2番の中間地点付近でもフンを確認,42.980972,141.296444,足跡を確認,公式
2025/6/24,7:55,西区,西区福井506番地16付近(平福トンネルから福井方向へ約300mの地点),43.046417,141.254222,ヒグマを目撃,公式
2025/6/24,16:00,南区,南区豊滝市民の森(案内板5番から13番に向かって約300mの地点),42.93391,141.238034,ヒグマの足跡及びフンを確認,公式
2025/6/24,22:28,中央区,中央区円山西町2丁目22番付近,43.044056,141.298306,ヒグマを目撃,公式
2025/6/25,20:30,南区,南区小金湯22番地2付近(アイヌ文化交流センタｰから南西に約200mの道路上),42.967443,141.218489,ヒグマを目撃,公式
2025/6/26,7:05,南区,南区定山渓1066番地付近(国道230号線錦トンネルから東に約200mの道路上),42.969756,141.190154,ヒグマを目撃,公式
2025/6/26,17:15,南区,南区小金湯649番地25付近(国道230号線小金湯交差点から定山渓方面へ約850mの地点),42.969472,141.210806,ヒグマを目撃,公式
2025/6/28,16:49,手稲区,手稲区手稲富丘620番地3付近(手稲山麓線の手稲IC入口より手稲山方向へ約550mの地点),43.106705,141.236389,ヒグマを目撃(2頭),公式
2025/7/1,9:00,中央区,中央区盤渓市民の森(案内板10番から12番に向かって約150mの地点),43.0185,141.27425,フンを確認,公式
2025/7/3,15:00,南区,南区南沢市民の森(案内板1番から2番に向かって約200mの地点),42.974944,141.3015,フンを確認,公式
2025/7/4,3:30,清田区,清田区清田6条1丁目20番付近(北海道中央バス｢清田6条1丁目｣バス停付近),42.993356,141.424855,ヒグマらしき動物を目撃,公式
2025/7/4,21:20,南区,南区小金湯671番地付近(国道230号線一の沢橋付近),42.969471,141.208793,ヒグマを目撃,公式
2025/7/6,4:00,南区,南区中ノ沢1812番92付近,43.000803,141.301476,フン、爪跡、被毛を確認,公式
2025/7/8,9:30,手稲区,手稲区自然歩道｢手稲山北尾根ルｰト｣滝の沢分岐付近,43.101361,141.190444,フンを確認,公式
2025/7/9,18:40,豊平区,豊平区羊ケ丘1番地2付近(北海道農業研究センタｰ構内｢宿舎前｣バス停付近),43.005292,141.416033,ヒグマを目撃,公式
2025/7/12,2:40,南区,南区定山渓6番地3付近(国道230号線上の北海道電力豊平峡発電所付近),42.96836,141.1954,ヒグマを目撃,公式
2025/7/14,17:45,中央区,中央区宮の森1270番地付近(大倉山ジャンプ競技場から南西に約100mの付近),43.050472,141.291833,ヒグマを目撃,公式
2025/7/16,14:00,南区,南区南沢市民の森(案内板5番から約50mの地点),42.974722,141.302806,ヒグマを目撃,公式
2025/7/18,18:33,豊平区,豊平区羊ケ丘1番地2付近(北海道農業研究センタｰ構内､事務所より約1km南側の地点)※22時53分頃にも構内でヒグマの目撃あり,43.000222,141.414389,ヒグマを目撃,公式
2025/7/19,9:30,南区,南区定山渓無番地(定山渓自然の村入口から約700m手前の道路上),42.941556,141.152306,ヒグマを目撃,公式
2025/7/20,15:00,南区,南区白川1814番地364付近(硬石山線上の白川側から約200mの地点),42.972129,141.298621,ヒグマを目撃,公式
2025/7/21,16:33,南区,南区南沢1907番地2付近(硬石山線上の南沢市民の森入口から南沢方面に約250mの地点),42.976376,141.303618,ヒグマを目撃,公式
2025/7/22,11:30,南区,南区滝野無番地(滝野の森口多目的広場から南東に約600mの林道上),42.899556,141.373444,ヒグマを目撃（親子）,公式
2025/7/22,18:55,南区,南区白川1814番地242付近(硬石山線上の白川側から約200mの地点),42.97225,141.298472,ヒグマを目撃,公式
2025/7/24,6:40,南区,南区南沢515番地9付近(東海大学付属札幌高等学校テニスコｰト付近),42.99025,141.325306,ヒグマらしき動物を目撃,公式
2025/7/25,2:00,西区,西区自然歩道｢三角山~盤渓ルｰト｣(案内板3番から4番に向かって約100mの地点),43.060751,141.288166,ヒグマを目撃,公式
2025/7/27,20:30,南区,南区小金湯無番地(国道230号線一の沢橋付近),42.969137,141.206415,ヒグマを目撃,公式
2025/7/29,12:09,西区,西区小別沢50番地2付近(小別沢線の小別沢会館より福井側へ約130mの地点),43.046139,141.275111,ヒグマを目撃,公式
2025/7/29,13:50,中央区,中央区盤渓市民の森(案内板11番から10番に向かって約50mの散策路わき),43.01889,141.274724,爪跡、被毛を確認,公式
2025/7/30,6:00,南区,南区真駒内636番地1付近(澄川南地区雪堆積場より南側へ約560mの地点),42.963728,141.367051,ヒグマを目撃,公式
2025/7/30,11:00,中央区,中央区盤渓無番地(盤渓山登山口より頂上へ約80mの地点),43.01633333,141.2821389,足跡を確認,公式
2025/8/9,4:47,南区,南区簾舞496番地7付近,42.954297,141.247101,ヒグマを目撃,公式
2025/8/10,9:35,南区,南区藻岩下1丁目5番付近,43.011781,141.339968,ヒグマを目撃(親子),公式
2025/8/11,15:00,南区,南区白川市民の森(案内板21番から8番に向かって約100mの地点),42.98419444,141.2858333,足跡を確認,公式
2025/8/15,不明,豊平区,豊平区羊ケ丘 (羊ケ丘通りわきの北海道農業研究センタｰ構内),43.005111,141.420694,足跡を確認,公式
2025/8/17,7:50,豊平区,豊平区西岡544番地付近(西岡公園管理事務所から700m程南側の木道付近),42.980806,141.375944,ヒグマを目撃,公式
2025/8/17,17:30,手稲区,手稲区手稲本町592番地付近(手稲山麓線の手稲IC入口より手稲山方向へ約400mの地点),43.107667,141.237194,ヒグマを目撃,公式
2025/8/17,18:10,南区,南区白川1814番地付近(石山橋から西に約700mの地点),42.966306,141.307,ヒグマを目撃,公式
2025/8/17,21:36,南区,南区小金湯無番地(国道230号線一の沢橋付近),42.968972,141.206167,ヒグマを目撃,公式
2025/8/18,8:30,南区,南区豊滝427番地4付近(豊滝除雪ステｰション付近),42.957639,141.237778,堀り跡を確認,公式
2025/8/18,15:00,南区,南区豊滝市民の森(案内板9番付近),42.936797,141.232519,フンを確認,公式
2025/8/18,15:48,南区,南区澄川389番地2794付近(真駒内滝野線上で｢北海道動物霊園｣と｢北ガスてん太の森公園｣の中間地点),42.969694,141.359694,ヒグマらしき動物を目撃,公式
2025/8/22,9:00,南区,南区豊滝427番地4付近(豊滝除雪ステｰション付近),42.957639,141.237778,堀り跡を確認,公式
2025/8/22,18:10,手稲区,手稲区西宮の沢6条1丁目付近,43.08855555,141.2545556,ヒグマを目撃,公式
2025/8/23,6:00,南区,南区滝野189番地付近,42.913056,141.3583333,堀り跡を確認,公式
2025/8/24,23:49,南区,南区1814番地付近(北方自然教育園から東に約200mの地点),42.970861,141.292,カメラでヒグマを確認,公式
2025/8/25,7:00,南区,南区滝野189番地付近,42.913056,141.358333,堀り跡を確認,公式
2025/8/26,8:39,南区,南区定山渓無番地(神威岳木挽沢林道コｰスのさっぽろ湖第一展望台の登山口から約2.1km付近),42.998064,141.177972,ヒグマを目撃(2頭),公式
2025/8/26,10:04,南区,南区中ノ沢1812番35付近,42.993884,141.309421,ヒグマを目撃(親子),公式
2025/8/28,18:20,南区,南区中ノ沢1812番地35付近,42.993747,141.308871,ヒグマを目撃(親子),公式
2025/8/29,16:40,南区,南区簾舞403番地1付近(簾舞3条5丁目12番付近の草地),42.958126,141.261432,ヒグマらしき動物を目撃,公式
2025/8/30,20:05,南区,南区小金湯無番地(国道230号線上じょうてつバス｢一の沢｣バス停(定山渓方面)付近),42.968708,141.212356,ヒグマを目撃,公式
2025/8/31,7:31,南区,南区白川1814番地418付近(硬石山線の白川側から約350mの地点),42.972846,141.298563,ヒグマを目撃,公式
2025/8/31,11:58,南区,南区滝野208番地付近,42.90906,141.3519,ヒグマを目撃（2頭）,公式
2025/9/1,15:27,豊平区,豊平区羊ケ丘7番地1付近(森林総合研究所事務所棟から西に約200mの林内),42.99635555,141.3881194,カメラでヒグマを目撃,公式
2025/9/2,11:50,南区,南区定山渓無番地(定山渓自然の村入口から約150m手前の道路上),42.938852,141.150954,ヒグマを目撃,公式
2025/9/2,17:10,南区,南区定山渓無番地(国道230号線の薄別トンネルから中山峠方面に約300mの地点),42.90139428,141.1261341,ヒグマを目撃,公式
2025/9/2,10:45,南区,南区滝野213番地付近(滝のカントリｰクラブ敷地内),42.897278,141.356103,ヒグマを目撃,公式
2025/9/3,7:26,南区,南区定山渓747番地付近(国道230号線上の新豊橋から中山峠方面に約600mの地点),42.947902,141.143354,ヒグマを目撃,公式
2025/9/3,11:48,南区,南区滝野213番地付近(滝のカントリｰクラブ敷地内),42.897278,141.356103,ヒグマを目撃,公式
2025/9/5,3:10,南区,南区白川1814番地付近(白川浄水場付近),42.96979,141.28202,ヒグマを目撃,公式
2025/9/6,不明,南区,南区滝野189番地,42.913256,141.358492,フン、足跡、掘り跡、食痕を確認,公式
2025/9/7,16:20,南区,南区滝野133番地付近(滝野すずらん丘陵公園滝野の森口駐車場から北へ約750mの地点),42.91377777,141.3703333,ヒグマを目撃,公式
2025/9/7,18:24,南区,南区滝野162番地付近(滝野JAグラウンドから西へ約350mの畑付近),42.91505555,141.3613333,ヒグマを目撃,公式
2025/9/8,15:00,南区,南区滝野164番地付近,42.914778,141.36324,ヒグマを目撃,公式
2025/9/8,16:00,南区,南区自然歩道｢中の沢~小林峠･源八沢ルｰト｣(中の沢入口から駐車場方向へ約50mの地点),43.003009,141.297449,ヒグマを目撃,公式
2025/9/9,22:12,南区,南区小金湯629番地付近(国道230号線上の小金湯さくらの森入口から定山渓方面に約450mの地点),42.967661,141.215167,ヒグマを目撃,公式
2025/9/10,6:30,南区,南区滝野163番地付近,42.914817,141.361969,堀り跡、食痕、フンを確認,公式
2025/9/10,17:35,南区,南区真駒内無番地(国道453号線真駒内カントリｰクラブ入口から支笏湖方面へ約1.6 qの地点),42.89530555,141.3371389,ヒグマを目撃(2頭),公式
2025/9/11,9:10,西区,西区小別沢118番地付近(宝来橋から南東に約60mの山林内),43.04822222,141.2661389,ヒグマを目撃,公式
2025/9/12,9:00,清田区,清田区有明18番地付近,42.962917,141.456806,足跡、掘り跡、食痕を確認,公式
2025/9/13,7:00,清田区,清田区有明18番地付近,42.962917,141.456806,足跡、掘り跡、食痕、被毛を確認,公式
2025/9/13,22:50,中央区,中央区盤渓531番地付近(道道82号線上の盤渓会館より西に約200mの地点),43.02879,141.286592,ヒグマを目撃,公式
2025/9/14,8:00,清田区,清田区有明18番地付近,42.96316666,141.4566389,足跡、掘り跡、食痕を確認,公式
2025/9/14,10:00,南区,南区白川1814番地付近(北方自然教育園から東に約500mの地点),42.970712,141.295021,フンを確認,公式
2025/9/14,17:50,南区,南区小金湯無番地(百松沢林道入口から北西に約130mの付近),42.969754,141.2017,ヒグマを目撃,公式
2025/9/16,23:07,手稲区,手稲区手稲本町592番地付近(手稲山麓線上｢手稲IC｣入口より手稲山方向へ約1kmの地点),43.103567,141.232097,ヒグマを目撃,公式
2025/9/17,22:29,中央区,中央区界川4丁目1番付近(旭山記念公園第二駐車場から東に約100mの地点),43.037438,141.31503,ヒグマらしき動物を目撃,公式
2025/9/18,8:15,豊平区,豊平区羊ケ丘1番地2付近(北海道農業研究センタｰ構内),43.00161,141.41775,ヒグマを目撃,公式
2025/9/18,17:21,中央区,中央区円山西町2丁目10番付近,43.042759,141.300487,ヒグマを目撃(親子),公式
2025/9/19,9:00,南区,南区小金湯589番地付近(小金湯さくらの森入口から南に約1.2kmの山林内),42.954164,141.215206,足跡を確認,公式
2025/9/19,17:55,南区,南区砥山42番地付近(砥山橋から西に約200mの道路上),42.964623,141.254485,ヒグマを目撃,公式
2025/9/19,19:35,南区,南区白川1814番地付近(白川浄水場付近の道路上),42.97015,141.284678,ヒグマを目撃（親子）,公式
2025/9/20,8:30,南区,南区白川1814番地付近(北方自然教育園から東に約500mの地点),42.971167,141.295333,フンを確認,公式
2025/9/20,9:24,南区,南区白川1814番地付近(北方自然教育園から南東に約200mの地点),42.969726,141.292637,被毛、爪痕、枝折り、フンを確認,公式
2025/9/20,10:48,南区,南区砥山85番地付近(八剣山トンネルの東側入口付近),42.961949,141.247003,ヒグマを目撃（親子）,公式
2025/9/20,7:00,南区,南区定山渓無番地付近(紅葉橋から南東に約100mの地点),42.980659,141.160405,ヒグマを目撃,公式
2025/9/20,15:30,西区,西区小別沢66番地付近(小別沢会館から北西に約200mの山林内),43.048472,141.275333,フン、爪痕を確認,公式
2025/9/20,22:55,西区,西区西野9条9丁目7番付近(西野川さらりんひろば付近の道路上),43.067611,141.259111,ヒグマを目撃（親子）,公式
2025/9/21,8:10,西区,西区西野1006番地付近(西野西公園から西に約200mの山林付近),43.06592,141.251114,ヒグマを目撃（親子）,公式
2025/9/22,不明,南区,南区白川1814番地付近(北方自然教育園から東に約530mの地点),42.971272,141.295563,フンを確認,公式
2025/9/22,16:08,南区,南区白川1814番地付近(北方自然教育園から南東に約200mの地点),42.969726,141.292637,ヒグマを目撃(親子),公式
2025/9/22,6:40,南区,南区簾舞392番地18付近(みすまい霊園から北に約1.2kmの地点),42.951741,141.25871,ヒグマを目撃(2頭),公式
2025/9/22,17:48,中央区,中央区盤渓418番地1付近(ばんけいの森テニスコｰトから北ノ沢方面に約200mの道路上),43.029653,141.284111,ヒグマを目撃(親子),公式
2025/9/22,21:30,南区,南区砥山85番地1付近(八剣山トンネルの東側入口から約70mの道路上),42.962423,141.247568,ヒグマを目撃(親子),公式
2025/9/23,6:00,南区,南区豊滝39番地付近,42.948522,141.238533,堀り跡を確認,公式
2025/9/23,13:00,豊平区,豊平区羊ケ丘1番地2付近(北海道農業研究センタｰ構内｢宿舎前｣バス停から北西に約100mの地点),43.006516,141.415818,ヒグマを目撃,公式
2025/9/24,不明,南区,南区砥山無番地付近(八剣山山頂付近),42.96547,141.241921,フンを確認,公式
2025/9/24,1:00,南区,南区小金湯649番地付近(国道230号線上の小金湯さくらの森入口から定山渓方面に約800mの地点),42.96942,141.209709,ヒグマを目撃,公式
2025/9/24,11:00,南区,南区小金湯634番地付近(砥山ダムから南東に約100mの地点),42.97015,141.217874,足跡を確認,公式
2025/9/24,21:15,手稲区,手稲区稲穂5条3丁目2番付近(札樽道高架下の道路上),43.119119,141.222435,"ヒグマを目撃
",公式
2025/9/25,9:06,南区,南区定山渓無番地(道道1号線上札幌国際スキｰ場から定山渓方面に約7.6kmの地点),43.02925,141.13024,ヒグマを目撃,公式
2025/9/25,20:32,手稲区,手稲区稲穂5条3丁目2番付近(札樽道高架下の道路上),43.11892,141.222201,ヒグマを目撃,公式
2025/9/26,1:26,南区,南区藤野650番付近,42.950071,141.304824,カメラでヒグマを確認,公式
2025/9/26,1:30,南区,南区定山渓2番地2付近(国道230号線上百松橋より定山渓方面に約50mの地点),42.96803,141.2004,ヒグマを目撃（親子）,公式
2025/9/26,6:10,西区,西区西野1006番地7付近(西野11条9丁目24番付近の山林内),43.06572,141.2487,ヒグマを目撃,公式
2025/9/26,11:15,西区,西区小別沢50番地2付近(小別沢線の小別沢会館より福井方面へ約130mの地点),43.04611,141.2751,ヒグマを目撃,公式
2025/9/26,12:30,清田区,清田区自然歩道｢西岡~真栄･有明ルｰト｣(白旗山)札幌台から北に約200mの地点,42.959694,141.419472,ヒグマを目撃,公式
2025/9/26,15:06,南区,南区真駒内無番地(国道453号線滝野橋付近),42.89194,141.3431,ヒグマを目撃,公式
2025/9/26,19:30,南区,南区小金湯30番地付近(小金湯さくらの森入口から北西に約150mの地点),42.96666,141.219425,ヒグマを目撃,公式
2025/9/26,20:00,西区,西区平和280番地(平和丘陵公園内),43.055605,141.245594,ヒグマによる負傷事故発生,公式
2025/9/26,20:05,手稲区,手稲区稲穂5条3丁目2番付近(札樽道高架下の道路上),43.119261,141.222374,ヒグマを目撃,公式
2025/9/26,20:51,西区,西区平和345番地付近(平和丘陵公園から西に800mの地点),43.053608,141.235616,ヒグマを目撃,公式
2025/9/26,21:50,南区,南区藤野5条5丁目19番付近,42.953573,141.297565,ヒグマを目撃（親子）,公式
2025/9/26,21:50,南区,南区藤野5条6丁目6番付近,42.954094,141.293793,ヒグマを目撃（親子）,公式
2025/9/27,19:07,南区,南区豊滝493番地4付近(国道230号線上豊滝会館から札幌中心部方面に約230mの地点),42.957164,141.233178,ヒグマを目撃,公式
2025/9/27,21:40,南区,南区藤野6条6丁目14番付近,42.95220183,141.2918875,ヒグマらしき動物を目撃,公式
2025/9/27,19:20,手稲区,手稲区稲穂5条3丁目2番付近(札樽道高架下の道路上),43.119031,141.222322,ヒグマを目撃,公式
2025/9/28,11:00,南区,南区藤野2条1丁目9番付近(藤野むくどり公園北側で豊平川脇の緑地内),42.96366,141.31286,ヒグマを目撃(2頭),公式
2025/9/28,13:00,南区,南区藤野494番地付近,"42.950660,",141.285965,足跡、食痕を確認,公式
2025/9/29,0:04,手稲区,手稲区稲穂5条3丁目2番付近(札樽道高架下の道路上),43.118849,141.222036,ヒグマを目撃(親子),公式
2025/9/29,18:53,南区,南区藤野1条5丁目13番付近(十五島公園西側駐車場付近),42.967722,141.298222,ヒグマを目撃(親子),公式
2025/9/30,3:49,南区,南区藤野2条1丁目9番付近(藤野むくどり公園北側で豊平川脇の緑地内),42.963688,141.312839,カメラでヒグマを確認,公式
2025/9/30,15:40,南区,南区藤野552番地付近(風っ子公園から南東に約120mの林内),42.953701,141.293823,ヒグマらしき動物を目撃,公式
2025/9/30,20:20,中央区,中央区南28条西13丁目1番付近,43.021594,141.343106,ヒグマらしき動物を目撃,公式
2025/10/1,2:40,南区,南区南37条西10丁目1番付近(藻岩橋から西に約250mの国道230号線上),43.008351,141.344536,ヒグマを目撃（親子）,公式
2025/10/1,3:00,南区,南区南37条西11丁目5番付近(藻岩下橋から南に約120mの林内),43.007881,141.341609,鳴き声を確認,公式
2025/10/1,12:18,西区,西区西野8条10丁目8番付近(山際の畑付近),43.069667,141.257139,ヒグマを確認（親子）,公式
2025/10/1,14:25,南区,南区藤野1条5丁目付近(十五島公園内の白川橋付近),42.965769,141.301512,ヒグマを駆除,公式
2025/10/1,11:00,南区,南区藻岩下2丁目2番付近,43.00649,141.33971,ヒグマを目撃,公式
2025/10/1,18:55,南区,南区藤野1条5丁目1番付近(十五島公園駐車場のトイレ脇),42.967331,141.29917,ヒグマを目撃,公式
2025/10/1,20:48,南区,南区藤野2条1丁目9番付近(藤野むくどり公園北側で豊平川脇の緑地内),42.963688,141.312839,カメラでヒグマを確認,公式
2025/10/1,20:48,南区,南区南37条西11丁目5番付近(藻岩下橋から南に約120mの林内),43.00678,141.34064,カメラでヒグマを確認,公式
2025/10/1,18:05,清田区,清田区真栄409番地付近(白旗山競技場から北に約1kmの地点),42.969296,141.434668,鳴き声を確認,公式
2025/10/2,4:10,南区,南区砥山28番地1付近(砥山橋から北西に約70mの地点),42.965971,141.257756,ヒグマを目撃(親子),公式
2025/10/2,17:15,西区,西区西野290番地付近(宮丘公園展望台から北東に約110mの林内),43.082188,141.263789,ヒグマを目撃,公式
2025/10/2,17:40,南区,南区簾舞458番地付近,42.958306,141.255917,ヒグマを目撃,公式
2025/10/2,19:35,南区,南区小金湯712番地付近(国道230号線上の小金湯さくらの森入口から札幌中心部方面に約50mの地点),42.965064,141.220579,ヒグマを目撃,公式
2025/10/2,20:07,西区,西区西野8条10丁目8番付近(山際の畑付近),43.069766,141.257106,カメラでヒグマを確認,公式
2025/10/3,不明,南区,南区定山渓無番地(小天狗岳登山口から約500m付近),42.984558,141.148578,"ヒグマを目撃(2頭)
※目撃時間は不明",公式
2025/10/3,12:00,西区,西区西野9条9丁目5番付近(西野西公園内の散策路),42.06778,141.25624,フンを確認,公式
2025/10/3,18:12,西区,西区西野9条9丁目5番付近(西野西公園内の散策路),43.067632,141.256952,カメラでヒグマを確認,公式
2025/10/3,22:35,中央区,中央区宮の森1270番地付近(大倉山ジャンプ競技場から南東に約100mの地点),43.05055,141.29178,ヒグマを目撃,公式
2025/10/3,22:13,南区,南区白川1814番地331付近,42.970722,141.289306,ヒグマを目撃（親子）,公式
2025/10/3,22:00,西区,西区福井9丁目359番地付近(左股川緑地の散策路脇),43.048167,141.263639,足跡、被毛を確認,公式
2025/10/3,18:13,西区,西区山の手3条12丁目3番付近(自然歩道｢三角山~盤渓ルｰト｣山の手入口より南西に約100mの道路上),43.062972,141.287278,ヒグマを目撃,公式
2025/10/4,1:45,南区,南区石山583番地付近(じょうてつバス｢六区西｣停留所付近),42.952803,141.322975,ヒグマを目撃,公式
2025/10/4,21:52,西区,西区西野8条10丁目8番付近の西野都市環境林内(西野すみれ公園から北西に約100mの地点),42.970083,141.292197,カメラでヒグマを確認(親子),公式
2025/10/5,23:37,南区,南区白川1814番地331付近※同日の22時20分頃にも同じ場所でヒグマ1頭の目撃あり,42.970761,141.289916,ヒグマを目撃(親子),公式
2025/10/5,3:40,南区,南区石山636番地付近(石山六区会館から南へ約300mの付近),42.945917,141.3265,ヒグマを目撃（親子）,公式
2025/10/5,21:27,南区,南区中ノ沢1812番地731付近,43.000028,141.306389,カメラでヒグマを確認,公式
2025/10/6,18:10,中央区,中央区宮の森1270番地付近(大倉山ジャンプ競技場から南東に約100mの山林内),43.050486,141.292267,ヒグマがクルミを食べる音を確認,公式
2025/10/6,10:00,南区,南区南区白川市民の森(案内版1番付近),42.97947,141.28984,フンを確認,公式
2025/10/6,19:42,中央区,中央区宮の森1270番地付近(大倉山ジャンプ競技場から南東に約100mの地点),43.050497,141.291776,カメラでヒグマを確認,公式
2025/10/6,19:55,南区,南区白川1814番地745付近(石山線と硬石山線の交差点から定山渓方面に約230mの地点),42.97004,141.29525,ヒグマを目撃(親子),公式
2025/10/7,8:00,南区,南区白川1814番地101付近(北方自然教育園敷地内),42.97274,141.28983,"堆肥化容器が倒された跡を確認
",公式
2025/10/7,17:00,南区,南区南沢2条4丁目9番付近,42.98006,141.31639,ヒグマを目撃(親子),公式
2025/10/7,18:12,南区,南区白川1814番地110付近,42.97067,141.2879,ヒグマを目撃,公式
2025/10/8,0:05,西区,西区西野4条7丁目2番付近(北一条宮の沢通り上),43.077889,141.272333,ヒグマを目撃,公式
2025/10/8,20:24,手稲区,手稲区西宮の沢6条1丁目1番付近,43.08901,141.254783,ヒグマらしき動物を目撃,公式
2025/10/9,1:45,中央区,中央区宮の森1270番地付近(大倉山ジャンプ競技場から南東に約100mの地点),43.050191,141.291813,ヒグマを目撃,公式
2025/10/9,6:15,南区,南区滝野247番地付近(真駒内御稜札幌線の滝野すずらん丘陵公園鱒見口駐車場付近),42.92211,141.3903,ヒグマを目撃,公式
2025/10/9,7:00,南区,南区白川1814番地108付近(北方自然教育園から西に約100mの地点),42.970731,141.287883,フン、被毛、食痕を確認,公式
2025/10/9,10:00,南区,南区藤野6条6丁目5番付近,42.95357,141.290739,ヒグマを目撃,公式
2025/10/9,10:20,南区,南区定山渓無番地(さっぽろ湖第四展望台付近),43.00414,141.1478,ヒグマを目撃,公式
2025/10/9,15:25,手稲区,手稲区西宮の沢6条2丁目3番付近,43.091456,141.256134,ヒグマらしき動物を目撃,公式
2025/10/9,19:35,西区,西区山の手5条10丁目5番付近,43.06875,141.286083,ヒグマを目撃,公式
2025/10/9,10:00,南区,南区定山渓無番地(定山渓トンネルから中山峠方向に約2kmの地点),42.875206,141.146172,ヒグマを目撃(親子),公式
2025/10/10,19:14,南区,南区石山1247番地付近(芸術の森から西に約550mの地点),42.935583,141.3314167,ヒグマを目撃,公式
2025/10/10,22:19,南区,南区白川1814番地108付近(北方自然教育園から西に約150mの地点),42.970717,141.287862,ヒグマを目撃(親子),公式
2025/10/11,4:00,中央区,中央区宮の森904番地1付近,43.050194,141.292444,ヒグマを目撃（2頭）,公式
2025/10/11,4:15,南区,南区北ノ沢1841番地75付近(道道82号線盤渓北ノ沢トンネル出入口から北ノ沢方向に約200mの交差点付近),43.0134633,141.304299,ヒグマを目撃,公式
2025/10/11,13:48,南区,南区真駒内17番地1付近(地下鉄南北線真駒内駅東側の桜山内),42.991306,141.358806,ヒグマを目撃,公式
2025/10/11,19:20,南区,南区白川1814番地954付近(硬石山線の白川側から約90mの地点),42.970638,141.298304,ヒグマを目撃,公式
2025/10/11,21:30,西区,西区山の手433番地1付近(自然歩道三角山~盤渓ルｰト山の手入口から南西に約250mの道路上),43.061599,141.286156,ヒグマを目撃,公式
2025/10/11,21:20,中央区,中央区宮の森904番地16付近(大倉山ジャンプ競技場から南東に約170mの道路上),43.049806,141.291639,ヒグマを目撃,公式
2025/10/12,4:30,西区,西区山の手5条10丁目5番付近,43.068722,141.286139,ヒグマを目撃,公式
2025/10/12,6:00,南区,南区白川1814番地108付近,42.97074,141.28778,ヒグマを目撃(親子),公式
2025/10/12,6:30,中央区,中央区宮の森1274番地7付近(荒井山シャンツェ(ジャンプ台)の下付近),43.05078,141.29556,ヒグマを目撃,公式
2025/10/12,9:30,南区,南区白川1814番地付近(北方自然教育園から西に約200mの地点),42.971569,141.286187,足跡、フン、食痕、被毛を確認,公式
2025/10/12,11:25,西区,西区西野4条10丁目2番付近(西野中央やまばと公園から南西に約30mの道路上),43.079194,141.26575,ヒグマを目撃,公式
2025/10/12,不明,南区,南区白川1814番地102付近(北方自然教育園から北に約190mの道路上),42.9725,141.288528,フンを確認,公式
2025/10/13,8:00,南区,南区定山渓1番地17付近(百松橋から定山渓方面に約400mの国道230号線上),42.968028,141.198028,ヒグマを目撃(親子),公式
2025/10/13,17:59,南区,南区北ノ沢1904番地43付近(藻岩山観光道路入口から盤渓方面に約700mの道路上),43.01337,141.312921,ヒグマを目撃,公式
2025/10/13,18:20,南区,南区砥山68番地1付近(八剣山トンネル出入口から札幌中心部方面に約150mの道路上),42.96244,141.24811,ヒグマを目撃,公式
2025/10/13,18:20,西区,西区山の手433番1付近(禎心会ケアセンタｰ山の手前の道路上),43.06205,141.28639,ヒグマを目撃,公式
2025/10/14,0:44,南区,南区簾舞606番地1付近(国道230号線簾舞地区雪堆積場から札幌中心部方向に約150mの地点),42.957831,141.251812,ヒグマを目撃(親子),公式
2025/10/14,不明,西区,西区山の手419番地付近,43.06606,141.28582,足跡、フン、爪跡、被毛を確認,公式
2025/10/14,21:15,南区,南区白川1814番地254付近(北方自然教育園から東に約100mの地点),42.970806,141.290472,ヒグマを目撃,公式
2025/10/14,20:39,南区,南区藤野2条1丁目9番付近(藤野むくどり公園北側で豊平川脇の緑地内),42.963688,141.312839,カメラでヒグマを確認,公式
2025/10/14,8:30,南区,南区砥山93番地2付近,42.959035,141.245906,ヒグマを目撃,公式
2025/10/15,8:15,手稲区,手稲区手稲金山131番地付近(宮町浄水場から東に約300mの地点),43.121623,141.199495,フン、爪跡、枝折り、食痕を確認,公式
2025/10/16,不明,西区,西区山の手442番地4付近(自然歩道｢三角山~盤渓ルｰト｣山の手入口より南西に約100mの道路上),43.062912,141.287272,フンを確認,公式
2025/10/16,6:24,西区,西区山の手5条10丁目3番43付近,43.06721,141.28597,ヒグマを目撃,公式
2025/10/16,16:30,西区,西区山の手5条10丁目5番付近,43.068761,141.286029,ヒグマを目撃,公式
2025/10/16,14:10,手稲区,手稲区手稲金山131番地4付近(宮町浄水場から東に約330mの地点),43.121675,141.199672,フンを確認,公式
2025/10/16,15:27,中央区,中央区円山西町3丁目5番付近,43.042333,141.305556,ヒグマを駆除,公式
2025/10/16,16:37,南区,南区藤野473番地1付近(Fu'sスノｰエリア敷地内),42.955808,141.279563,ヒグマを目撃,公式
2025/10/17,10:00,南区,南区南沢市民の森(案内板8番から東側9番に向かって約150mの地点),42.97675632,141.2995663,フンを確認,公式
2025/10/17,9:50,手稲区,手稲区手稲金山131番地4付近(宮町浄水場から東に約330mの地点),43.121502,141.199658,ヒグマを目撃,公式
2025/10/17,5:30,南区,南区定山渓1067番地付近(国道230号線上の豊平峡発電所から西に約300mの地点),42.96904,141.19245,ヒグマを目撃,公式
2025/10/17,16:32,南区,南区石山1条3丁目3番付近(石山大橋西側の中州付近),42.96912,141.33158,"ヒグマらしき動物を目撃(2頭)
",公式
2025/10/17,18:47,手稲区,手稲区手稲金山3条1丁目7番付近(金山バイパス公園内),43.124121,141.206796,ヒグマを目撃,公式
2025/10/17,23:08,西区,西区山の手5条10丁目5番付近,43.068722,141.286083,ヒグマを目撃,公式
2025/10/17,20:48,西区,西区山の手442番地2付近(自然歩道｢三角山~盤渓ルｰト｣山の手入口より南西に約300mの道路上),43.06254,141.28664,ヒグマを目撃,公式
2025/10/18,12:49,手稲区,手稲区手稲金山131番地4付近(宮町浄水場から東に約330mの地点),43.121361,141.199833,ヒグマを駆除,公式
2025/10/18,15:20,南区,南区藤野901番地付近(藤野聖山園敷地内),42.934691,141.303035,フンを確認,公式
2025/10/18,18:05,西区,西区山の手3条12丁目3番付近,43.063327,141.287918,ヒグマを目撃,公式
2025/10/18,18:08,手稲区,手稲区稲穂5条3丁目2番付近,43.118652,141.222822,ヒグマを目撃,公式
2025/10/19,6:31,手稲区,手稲区手稲金山131番地4付近(宮町浄水場から東に約200mの地点),43.12135,141.19867,ヒグマらしき動物を目撃,公式
2025/10/19,6:55,西区,西区山の手1条13丁目5番付近,43.060353,141.291884,ヒグマらしき動物を目撃(2頭),公式
2025/10/19,17:40,南区,南区南沢5条1丁目1番付近(第三体育館とテニスコｰトの間のバス転回場),42.98943,141.325169,ヒグマらしき動物を目撃,公式
2025/10/19,15:00,南区,南区定山渓860番地付近(国道230号線上｢薄別｣バス停付近),42.94074,141.12658,ヒグマを目撃,公式
2025/10/20,20:45,西区,西区宮の沢4条3丁目11番付近,43.084952,141.259848,ヒグマを目撃,公式
2025/10/20,18:25,中央区,中央区宮の森904番地付近,43.049371,141.292132,ヒグマを目撃,公式
2025/10/20,21:05,西区,西区山の手442番地4付近,43.06232,141.28657,ヒグマを目撃,公式
2025/10/20,16:03,手稲区,手稲区稲穂5条3丁目2番付近,43.11902,141.22218,ヒグマらしき動物を目撃,公式
2025/10/20,21:17,南区,南区真駒内17番地1付近(紅櫻公園から南西に約700mの地点),42.98495,141.359933,ヒグマらしき動物を目撃,公式
2025/10/20,22:49,西区,西区西野997番地付近(錦水橋から北西に約130mの地点),43.05601,141.2358,ヒグマを目撃,公式
2025/10/20,18:40,中央区,中央区双子山2丁目1番41付近,43.04393,141.316715,ヒグマらしき動物を目撃,公式
2025/10/21,14:56,西区,西区山の手419番地付近,43.06611,141.2857,足跡を確認,公式
2025/10/21,21:30,南区,南区北ノ沢1739番地14付近,43.008111,141.310277,ヒグマらしき動物を目撃,公式
2025/10/21,15:15,西区,西区西野290番地付近(宮丘公園敷地内),43.084876,141.268446,ヒグマらしき動物を目撃,公式
2025/10/21,18:25,手稲区,手稲区稲穂5条3丁目2番付近,43.118917,141.222167,ヒグマを目撃,公式
2025/10/21,16:45,中央区,中央区円山西町9丁目3番付近,43.045389,141.309833,ヒグマらしき動物を目撃,公式
2025/10/22,0:20,南区,南区白川1814番地259付近(石山線と硬石山線の交差点付近),42.969795,141.297683,ヒグマを目撃,公式
2025/10/22,14:20,南区,南区常盤1条1丁目9番付近,42.95739,141.34739,ヒグマを目撃,公式
2025/10/22,2:45,西区,西区西野3条9丁目5番付近(北一条宮の沢通と西野･屯田通の交差点付近),43.079528,141.269139,ヒグマを目撃,公式
2025/10/22,3:37,南区,南区南37条西11丁目5番付近(藻岩下橋から南に約120mの林内),43.006721,141.340646,カメラでヒグマを確認,公式
2025/10/22,9:12,西区,西区西野8条9丁目11付近(西野すみれ公園付近),43.068581,141.258265,ヒグマを目撃(2頭),公式
2025/10/22,22:18,西区,西区山の手442番地4付近,43.06228,141.286583,ヒグマを目撃,公式
2025/10/22,21:06,南区,南区白川1814番地1012付近,42.970687,141.287723,ヒグマを目撃,公式
2025/10/23,8:20,西区,西区西野8条9丁目11番付近(西野すみれ公園内),43.068574,141.257883,ヒグマを目撃(2頭),公式
2025/10/23,10:30,中央区,中央区盤渓202番地付近(札幌市水道局盤渓配水池付近),43.036521,141.285081,ヒグマらしき動物を目撃,公式
2025/10/23,6:00,中央区,中央区宮の森4条11丁目3番8付近,43.05825,141.296528,ヒグマを目撃,公式
2025/10/23,15:00,南区,南区南沢515番地66付近(南沢トンネル付近の斜面),42.993028,141.32225,ヒグマらしき動物を目撃,公式
2025/10/23,3:24,南区,南区定山渓無番地(定山渓トンネルから喜茂別方向へ約1kmの地点),42.883472,141.140139,ヒグマを目撃,公式
2025/10/23,20:05,手稲区,手稲区富丘6条7丁目1番付近,43.110721,141.239359,ヒグマらしき動物を目撃,公式
2025/10/23,22:14,西区,西区西野6条3丁目2番3号付近,43.069062,141.273813,ヒグマらしき動物を目撃(2頭),公式
2025/10/23,21:22,手稲区,手稲区稲穂5条7丁目8番付近,43.122974,141.209982,ヒグマらしき動物の鳴き声を確認,公式
2025/10/23,1:16,南区,南区藤野650番地付近,42.950139,141.304972,カメラでヒグマを確認,公式
2025/10/24,14:30,西区,西区西野9条9丁目11付近(西野西公園内),43.067384,141.258098,ヒグマを駆除(2頭),公式
2025/10/24,14:10,南区,南区藤野501番地付近(藤野通と藤野焼山線の交差点から南に約180mの地点),42.954311,141.286382,ヒグマを目撃,公式
2025/10/24,21:30,南区,南区白川1814番590付近(白川浄水場付近の道路上),42.969333,141.280944,ヒグマを目撃,公式
2025/10/25,12:25,南区,南区南沢6条3丁目9番付近(南沢スワン公園から西に約200mの道路上),42.990861,141.308583,ヒグマらしき動物を目撃,公式
2025/10/25,8:45,南区,南区定山渓無番地(神威岳木挽沢林道コｰスのさっぽろ湖第一展望台の登山口から約2.8km付近),43.001954,141.181493,ヒグマを目撃,公式
2025/10/25,11:00,南区,南区川沿8条4丁目5番付近,42.98743,141.328,ヒグマらしき動物を目撃,公式
2025/10/26,6:23,南区,南区白川1814番地30付近(北方自然教育園から西に約100mの地点),42.970648,141.287777,ヒグマを目撃(親子),公式
2025/10/26,17:00,南区,南区真駒内366番地付近(真駒内御料札幌線｢器械場｣バス停から南に約200mの地点),42.92311,141.3545,ヒグマを目撃,公式
2025/10/28,6:20,南区,南区白川1814番地17付近(北方自然教育園付近),42.970403,141.289089,ヒグマを目撃,公式
2025/10/28,21:20,南区,南区藤野4条3丁目12番付近,42.95701,141.30735,ヒグマらしき動物を目撃,公式
2025/10/29,14:56,南区,南区簾舞5条1丁目12番付近(Fu′sスノｰエリア入口から南西に約380mの地点),42.955944,141.276361,ヒグマを目撃,公式
2025/10/29,8:30,南区,南区白川1814番地954付近(硬石山線の白川側から約50mの地点),42.970346,141.297891,ヒグマを目撃(2頭),公式
2025/10/30,2:08,南区,南区藤野650番地付近,42.948528,141.30575,カメラでヒグマを確認,公式
2025/10/30,18:36,南区,南区小金湯579番地付近(国道230号線上小金湯さくらの森入口から札幌中心部方面に約200~300mの地点),42.964003,141.221563,ヒグマを目撃,公式
2025/10/30,23:40,中央区,中央区円山西町2丁目5番付近,43.04446,141.30333,ヒグマらしき動物を目撃,公式
2025/10/31,10:31,南区,南区藤野5条2丁目4番付近,42.9554,141.30797,足跡を確認,公式
2025/10/31,20:35,南区,南区砥山28番地1付近(砥山橋上),42.965731,141.258408,ヒグマを目撃,公式
2025/10/31,不明,中央区,中央区双子山1丁目12番付近,43.044575,141.316452,養蜂箱が荒らされた跡を確認,公式
